url,title,price,description,location,bedrooms,bathrooms,area_sqm,property_type,furnishing,images,source,scraped_at,price_per_sqm,log_price,city
https://aqarmap.com.eg/en/for-sale/villa/cairo/el-sheikh-zayed-city/lshykh-zyd-ljdyd/sun-square-compound-3-ptc/,Villas For sale in Sun Square Compound 3 - PTC,11000000,"7,500,000 EGP– 31,914 EGP/m²View and receive a villa immediately at the price of an apartment next to Mall of Arabia in Sun Square Compound El Sheikh Zayed  / Sun Square Compound 3 - PTC235 m²4 4",RangeMore FiltersEgypt Real EstateVillas For saleVillas For sale in Greater CairoVillas For sale in ,0,1,235,Villa,Unfurnished,"['data/raw/images/Villas_For_sale_in_Sun_Square_Compound_3_-_PTC\\img_0.webp', 'data/raw/images/Villas_For_sale_in_Sun_Square_Compound_3_-_PTC\\img_1.webp', 'data/raw/images/Villas_For_sale_in_Sun_Square_Compound_3_-_PTC\\img_2.webp', 'data/raw/images/Villas_For_sale_in_Sun_Square_Compound_3_-_PTC\\img_3.webp', 'data/raw/images/Villas_For_sale_in_Sun_Square_Compound_3_-_PTC\\img_4.webp']",aqarmap,2026-04-11 22:33:38,46808.51063829787,16.213405921671733,Cairo
https://aqarmap.com.eg/en/for-sale/property-type/cairo/el-maadi/sakanat-el-maadi/,Properties For sale in Sakanat El Maadi,31600000,"1,600,000 EGP– 12,307 EGP/m²شقة للبيع فى المعادى ثكنات المعادى منشية المصرى El Maadi / Sakanat El Maadi130 m²3 2",RangeMore FiltersEgypt Real EstateProperties For saleProperties For sale in Greater CairoProperties ,0,1,130,Villa,Furnished,"['data/raw/images/Properties_For_sale_in_Sakanat_El_Maadi\\img_0.webp', 'data/raw/images/Properties_For_sale_in_Sakanat_El_Maadi\\img_1.webp', 'data/raw/images/Properties_For_sale_in_Sakanat_El_Maadi\\img_2.jpg']",aqarmap,2026-04-11 22:33:44,243076.92307692306,17.26866771020271,Cairo
https://aqarmap.com.eg/en/for-sale/apartment/cairo/6th-of-october/compounds/etlala-compound/,Apartments For sale in Etlala Compound,2415000,"2,415,000 EGP– 23,000 EGP/m²12-year installments for a luxury apartment in an exceptional location in New October, Etlala Compound 6th of October / Etlala Compound105 m²2 1",RangeMore FiltersEgypt Real EstateApartments For saleApartments For sale in Greater CairoApartments ,0,1,105,Studio,Unfurnished,"['data/raw/images/Apartments_For_sale_in_Etlala_Compound\\img_0.webp', 'data/raw/images/Apartments_For_sale_in_Etlala_Compound\\img_1.webp', 'data/raw/images/Apartments_For_sale_in_Etlala_Compound\\img_2.webp', 'data/raw/images/Apartments_For_sale_in_Etlala_Compound\\img_3.webp', 'data/raw/images/Apartments_For_sale_in_Etlala_Compound\\img_4.webp']",aqarmap,2026-04-11 22:33:57,23000.0,14.697210259147399,Cairo
https://aqarmap.com.eg/en/for-sale/townhouse/cairo/new-cairo/compounds/blm-hylz-nyw-kyrw/,Town House For sale in Palm Hills New Cairo - PHNC,9283000,"29,987,000 EGP– 156,182 EGP/m²تاون هاوس 192 M² For sale in Palm Hills New Cairo-The Fifth Settlement - New Cairo New Cairo - 5th Settlement  / Palm Hills New Cairo - PHNC 192 m²",RangeMore FiltersEgypt Real EstateTown House For saleTown House For sale in Greater CairoTown House ,3,1,192,Villa,Unfurnished,"['data/raw/images/Town_House_For_sale_in_Palm_Hills_New_Cairo_-_PHNC\\img_0.webp', 'data/raw/images/Town_House_For_sale_in_Palm_Hills_New_Cairo_-_PHNC\\img_1.webp', 'data/raw/images/Town_House_For_sale_in_Palm_Hills_New_Cairo_-_PHNC\\img_2.webp', 'data/raw/images/Town_House_For_sale_in_Palm_Hills_New_Cairo_-_PHNC\\img_3.webp', 'data/raw/images/Town_House_For_sale_in_Palm_Hills_New_Cairo_-_PHNC\\img_4.jpg']",aqarmap,2026-04-11 22:34:11,48348.958333333336,16.04369543610586,Cairo
https://aqarmap.com.eg/en/for-sale/studio/cairo/6th-of-october/compounds/garden-lakes-compound-hyde-park/,Studio For sale in Garden Lakes Compound - Hyde Park,6800000,"7,090,000 EGP– 98,472 EGP/m²ستوديو 72 M² For sale in Garden Lakes-6 October - Giza 6th of October / Garden Lakes Compound - Hyde Park72 m²1",RangeMore FiltersEgypt Real EstateStudio For saleStudio For sale in Greater CairoStudio For sale in,0,1,72,Villa,Unfurnished,"['data/raw/images/Studio_For_sale_in_Garden_Lakes_Compound_-_Hyde_Pa\\img_0.jpg', 'data/raw/images/Studio_For_sale_in_Garden_Lakes_Compound_-_Hyde_Pa\\img_1.webp', 'data/raw/images/Studio_For_sale_in_Garden_Lakes_Compound_-_Hyde_Pa\\img_2.jpg', 'data/raw/images/Studio_For_sale_in_Garden_Lakes_Compound_-_Hyde_Pa\\img_3.webp', 'data/raw/images/Studio_For_sale_in_Garden_Lakes_Compound_-_Hyde_Pa\\img_4.webp']",aqarmap,2026-04-11 22:34:27,94444.44444444444,15.732433317205148,Cairo
https://aqarmap.com.eg/en/for-sale/property-type,Properties For sale,15500000,"15,500,000 EGP– 62,000 EGP/m²Apartment For sale in Palm Hills New Cairo - PHNC  New Cairo - 5th Settlement  / Palm Hills New Cairo - PHNC 250 m²3 3",RangeMore FiltersEgypt Real Estate,0,1,250,Villa,Furnished,"['data/raw/images/Properties_For_sale\\img_0.webp', 'data/raw/images/Properties_For_sale\\img_1.webp', 'data/raw/images/Properties_For_sale\\img_2.webp', 'data/raw/images/Properties_For_sale\\img_3.webp', 'data/raw/images/Properties_For_sale\\img_4.webp']",aqarmap,2026-04-11 22:34:51,62000.0,16.5563506464056,Cairo
https://aqarmap.com.eg/en/for-sale/villa/cairo/el-sheikh-zayed-city/lshykh-zyd-ljdyd/park-valley-diwan-compound-efid/,Villas For sale in Park Valley Diwan Compound - EFID,8000000,"8,000,000 EGP– 31,620 EGP/m²""فرصة"" فيلتك بقسط 13 سنة بجوار مول العرب في موقع مميز بزايد الجديدة كمبوند Park Valley Lake فيلا للبيع El Sheikh Zayed  / Park Valley Diwan Compound - EFID253 m²4 4",RangeMore FiltersEgypt Real EstateVillas For saleVillas For sale in Greater CairoVillas For sale in ,0,1,253,Villa,Unfurnished,"['data/raw/images/Villas_For_sale_in_Park_Valley_Diwan_Compound_-_EF\\img_0.webp', 'data/raw/images/Villas_For_sale_in_Park_Valley_Diwan_Compound_-_EF\\img_1.webp', 'data/raw/images/Villas_For_sale_in_Park_Valley_Diwan_Compound_-_EF\\img_2.webp', 'data/raw/images/Villas_For_sale_in_Park_Valley_Diwan_Compound_-_EF\\img_3.webp', 'data/raw/images/Villas_For_sale_in_Park_Valley_Diwan_Compound_-_EF\\img_4.webp']",aqarmap,2026-04-11 22:35:10,31620.553359683796,15.894952224644102,Cairo
https://aqarmap.com.eg/en/for-sale/apartment/alexandria/roshdy/,Apartments For sale in Roshdy,98200000,"8,200,000 EGP– 46,857 EGP/m²Apartment For sale in Roushdy St. Roshdy / Roushdy St.175 m²3 2",RangeMore FiltersEgypt Real EstateApartments For saleApartments For sale in Alexandria,0,1,175,Studio,Unfurnished,"['data/raw/images/Apartments_For_sale_in_Roshdy\\img_0.webp', 'data/raw/images/Apartments_For_sale_in_Roshdy\\img_1.webp', 'data/raw/images/Apartments_For_sale_in_Roshdy\\img_2.webp', 'data/raw/images/Apartments_For_sale_in_Roshdy\\img_3.webp', 'data/raw/images/Apartments_For_sale_in_Roshdy\\img_4.webp']",aqarmap,2026-04-11 22:35:28,561142.8571428572,18.402516783507995,Alexandria
https://aqarmap.com.eg/en/for-sale/townhouse/cairo/,Town House For sale in Greater Cairo,13700000,"13,700,000 EGP– 63,720 EGP/m²تاون هاوس For sale in Waterside - Garden Lakes Compound  6th of October / Waterside - Garden Lakes Compound 215 m²4 4",RangeMore FiltersEgypt Real EstateTown House For sale,0,1,215,Villa,Unfurnished,"['data/raw/images/Town_House_For_sale_in_Greater_Cairo\\img_0.webp', 'data/raw/images/Town_House_For_sale_in_Greater_Cairo\\img_1.webp', 'data/raw/images/Town_House_For_sale_in_Greater_Cairo\\img_2.webp', 'data/raw/images/Town_House_For_sale_in_Greater_Cairo\\img_3.webp', 'data/raw/images/Town_House_For_sale_in_Greater_Cairo\\img_4.webp']",aqarmap,2026-04-11 22:35:38,63720.93023255814,16.432906463791053,Cairo
https://aqarmap.com.eg/en/for-sale/apartment/cairo/6th-of-october/hadaeq-october/compounds/calma-compound-el-nasr-development/,Apartments For sale in Calma Compound - El Nasr,5300000,"5,300,000 EGP– 34,193 EGP/m²شقة بحديقة 155 M² For sale in Calma Compound - El Nasr 6th of October / Calma Compound - El Nasr155 m²3 2",RangeMore FiltersEgypt Real EstateApartments For saleApartments For sale in Greater CairoApartments ,0,1,155,Villa,Unfurnished,"['data/raw/images/Apartments_For_sale_in_Calma_Compound_-_El_Nasr\\img_0.jpg', 'data/raw/images/Apartments_For_sale_in_Calma_Compound_-_El_Nasr\\img_1.jpg', 'data/raw/images/Apartments_For_sale_in_Calma_Compound_-_El_Nasr\\img_2.webp', 'data/raw/images/Apartments_For_sale_in_Calma_Compound_-_El_Nasr\\img_3.webp', 'data/raw/images/Apartments_For_sale_in_Calma_Compound_-_El_Nasr\\img_4.webp']",aqarmap,2026-04-11 22:35:46,34193.54838709677,15.483217567201578,Cairo
https://aqarmap.com.eg/en/for-sale/duplex-garden/cairo/,Duplex with Garden For sale in Greater Cairo,6500000,"6,500,000 EGP– 16,666 EGP/m²فورى دوبلكس بسعر شقه ولوكشين مميز جدا بفيو مفتوح غير مجروح تماما 390م + 260 م جاردن 6th of October / Neighborhood 9th390 m²4 3",RangeMore FiltersEgypt Real EstateDuplex with Garden For sale,0,1,390,Duplex,Unfurnished,"['data/raw/images/Duplex_with_Garden_For_sale_in_Greater_Cairo\\img_0.webp', 'data/raw/images/Duplex_with_Garden_For_sale_in_Greater_Cairo\\img_1.webp', 'data/raw/images/Duplex_with_Garden_For_sale_in_Greater_Cairo\\img_2.webp', 'data/raw/images/Duplex_with_Garden_For_sale_in_Greater_Cairo\\img_3.webp', 'data/raw/images/Duplex_with_Garden_For_sale_in_Greater_Cairo\\img_4.webp']",aqarmap,2026-04-11 22:36:17,16666.666666666668,15.687312888712007,Cairo
https://aqarmap.com.eg/en/for-sale/apartment-2/,Apartment For sale,4600000,"4,600,000 EGP– 27,878 EGP/m²Apartment 165 متر² للبيع فى النزهة الجديدة El Nozha / El Nozha El Gedida 165 m²",RangeMore FiltersEgypt Real Estate,3,1,165,Apartment,Furnished,"['data/raw/images/Apartment_For_sale\\img_0.webp', 'data/raw/images/Apartment_For_sale\\img_1.webp', 'data/raw/images/Apartment_For_sale\\img_2.webp', 'data/raw/images/Apartment_For_sale\\img_3.webp', 'data/raw/images/Apartment_For_sale\\img_4.webp']",aqarmap,2026-04-11 22:36:25,27878.78787878788,15.341567078850604,Cairo
https://aqarmap.com.eg/en/for-sale/apartment/,Apartments For sale,15500000,"15,500,000 EGP– 62,000 EGP/m²Apartment For sale in Palm Hills New Cairo - PHNC  New Cairo - 5th Settlement  / Palm Hills New Cairo - PHNC 250 m²3 3",RangeMore FiltersEgypt Real Estate,0,1,250,Villa,Unfurnished,"['data/raw/images/Apartments_For_sale\\img_0.webp', 'data/raw/images/Apartments_For_sale\\img_1.webp', 'data/raw/images/Apartments_For_sale\\img_2.webp', 'data/raw/images/Apartments_For_sale\\img_3.webp', 'data/raw/images/Apartments_For_sale\\img_4.webp']",aqarmap,2026-04-11 22:36:31,62000.0,16.5563506464056,Cairo
https://aqarmap.com.eg/en/for-sale/villa/cairo/new-cairo/compounds/mivida/boulevard-mivida/,Villas For sale in Boulevard Residence Mivida,68000000,"68,000,000 EGP– 191,011 EGP/m²فيلا For sale in Boulevard Residence Mivida New Cairo - 5th Settlement  / Boulevard Residence Mivida356 m²5 5",RangeMore FiltersEgypt Real EstateVillas For saleVillas For sale in Greater CairoVillas For sale in ,0,1,356,Villa,Unfurnished,"['data/raw/images/Villas_For_sale_in_Boulevard_Residence_Mivida\\img_0.webp', 'data/raw/images/Villas_For_sale_in_Boulevard_Residence_Mivida\\img_1.webp', 'data/raw/images/Villas_For_sale_in_Boulevard_Residence_Mivida\\img_2.jpg', 'data/raw/images/Villas_For_sale_in_Boulevard_Residence_Mivida\\img_3.webp', 'data/raw/images/Villas_For_sale_in_Boulevard_Residence_Mivida\\img_4.webp']",aqarmap,2026-04-11 22:36:44,191011.23595505618,18.035018277846262,Cairo
https://aqarmap.com.eg/en/for-sale/apartment/cairo/new-heliopolis/,Apartments For sale in New Heliopolis,2163000,"2,163,000 EGP– 18,025 EGP/m²Apartment 120 M² For sale in Second Neighborhood New Heliopolis / Second Neighborhood120 m²2 3",RangeMore FiltersEgypt Real EstateApartments For saleApartments For sale in Greater Cairo,0,1,120,Studio,Unfurnished,"['data/raw/images/Apartments_For_sale_in_New_Heliopolis\\img_0.jpg', 'data/raw/images/Apartments_For_sale_in_New_Heliopolis\\img_1.webp', 'data/raw/images/Apartments_For_sale_in_New_Heliopolis\\img_2.webp', 'data/raw/images/Apartments_For_sale_in_New_Heliopolis\\img_3.webp', 'data/raw/images/Apartments_For_sale_in_New_Heliopolis\\img_4.webp']",aqarmap,2026-04-11 22:36:58,18025.0,14.58700716725594,Cairo
https://aqarmap.com.eg/en/for-sale/villa/cairo/6th-of-october/compounds/park-west-compound-pledge/,Villas For sale in Park West Compound - Pledge,7300000,"7,300,000 EGP– 28,076 EGP/m²Your villa with a swimming pool and 8-year installments next to Mall of Arabia in Park West Compound, New Zayed 6th of October / Park West Compound - Pledge260 m²4 4",RangeMore FiltersEgypt Real EstateVillas For saleVillas For sale in Greater CairoVillas For sale in,0,1,260,Villa,Unfurnished,"['data/raw/images/Villas_For_sale_in_Park_West_Compound_-_Pledge\\img_0.webp', 'data/raw/images/Villas_For_sale_in_Park_West_Compound_-_Pledge\\img_1.webp', 'data/raw/images/Villas_For_sale_in_Park_West_Compound_-_Pledge\\img_2.webp', 'data/raw/images/Villas_For_sale_in_Park_West_Compound_-_Pledge\\img_3.jpg', 'data/raw/images/Villas_For_sale_in_Park_West_Compound_-_Pledge\\img_4.webp']",aqarmap,2026-04-11 22:37:07,28076.923076923078,15.803385043104912,Cairo
https://aqarmap.com.eg/en/for-sale/townhouse/cairo/new-cairo/,Town House For sale in New Cairo - 5th Settlement,13900000,"13,900,000 EGP– 50,180 EGP/m²15-year installments for your luxury villa next to the American University in Modon Golf Town compound New Cairo - 5th Settlement  / Golf Town Compound - Modon277 m²4 4",RangeMore FiltersEgypt Real EstateTown House For saleTown House For sale in Greater Cairo,0,1,277,Villa,Unfurnished,"['data/raw/images/Town_House_For_sale_in_New_Cairo_-_5th_Settlement\\img_0.webp', 'data/raw/images/Town_House_For_sale_in_New_Cairo_-_5th_Settlement\\img_1.webp', 'data/raw/images/Town_House_For_sale_in_New_Cairo_-_5th_Settlement\\img_2.webp', 'data/raw/images/Town_House_For_sale_in_New_Cairo_-_5th_Settlement\\img_3.jpg', 'data/raw/images/Town_House_For_sale_in_New_Cairo_-_5th_Settlement\\img_4.webp']",aqarmap,2026-04-11 22:37:17,50180.50541516246,16.447399470043365,Cairo
https://aqarmap.com.eg/en/for-sale/studio-with-garden/cairo/,Studio with garden For sale in Greater Cairo,87360000,"7,360,000 EGP– 108,235 EGP/m²ستوديو بحديقة 68 M² For sale in Hyde Park Signature-North Expansions - 6 October 6th of October / Hyde Park Signature Compound 68 m²1",RangeMore FiltersEgypt Real EstateStudio with garden For sale,0,1,68,Villa,Furnished,"['data/raw/images/Studio_with_garden_For_sale_in_Greater_Cairo\\img_0.jpg', 'data/raw/images/Studio_with_garden_For_sale_in_Greater_Cairo\\img_1.webp', 'data/raw/images/Studio_with_garden_For_sale_in_Greater_Cairo\\img_2.webp', 'data/raw/images/Studio_with_garden_For_sale_in_Greater_Cairo\\img_3.webp', 'data/raw/images/Studio_with_garden_For_sale_in_Greater_Cairo\\img_4.webp']",aqarmap,2026-04-11 22:37:26,1284705.8823529412,18.285548081407754,Cairo
https://aqarmap.com.eg/en/for-sale/apartment-with-garden/cairo/,Apartment with Garden For sale in Greater Cairo,5300000,"5,300,000 EGP– 34,193 EGP/m²شقة بحديقة 155 M² For sale in Calma Compound - El Nasr 6th of October / Calma Compound - El Nasr155 m²3 2",RangeMore FiltersEgypt Real EstateApartment with Garden For sale,0,1,155,Apartment,Unfurnished,"['data/raw/images/Apartment_with_Garden_For_sale_in_Greater_Cairo\\img_0.webp', 'data/raw/images/Apartment_with_Garden_For_sale_in_Greater_Cairo\\img_1.webp', 'data/raw/images/Apartment_with_Garden_For_sale_in_Greater_Cairo\\img_2.webp', 'data/raw/images/Apartment_with_Garden_For_sale_in_Greater_Cairo\\img_3.webp', 'data/raw/images/Apartment_with_Garden_For_sale_in_Greater_Cairo\\img_4.webp']",aqarmap,2026-04-11 22:37:34,34193.54838709677,15.483217567201578,Cairo
https://aqarmap.com.eg/en/for-sale/apartment/cairo/new-cairo/bait-el-watan/first-neighborhood/,Apartments For sale in First Neighborhood,4000000,"4,000,000 EGP– 17,391 EGP/m²Apartment  230 m 4 bedroom for sale in beit al watan Ready to move  New Cairo - 5th Settlement  / First Neighborhood230 m²4 2",RangeMore FiltersEgypt Real EstateApartments For saleApartments For sale in Greater CairoApartments ,4,1,230,Studio,Unfurnished,"['data/raw/images/Apartments_For_sale_in_First_Neighborhood\\img_0.webp', 'data/raw/images/Apartments_For_sale_in_First_Neighborhood\\img_1.webp', 'data/raw/images/Apartments_For_sale_in_First_Neighborhood\\img_2.webp', 'data/raw/images/Apartments_For_sale_in_First_Neighborhood\\img_3.webp', 'data/raw/images/Apartments_For_sale_in_First_Neighborhood\\img_4.webp']",aqarmap,2026-04-11 22:37:46,17391.304347826088,15.201805169084134,Cairo
https://aqarmap.com.eg/en/for-sale/apartment-with-garden/alexandria/,Apartment with Garden For sale in Alexandria,89500000,"9,500,000 EGP– 61,290 EGP/m²For sale - Apartment 155 M² Without Finish in Alex West Compound - Barons King Mariout / Alex West Compound - Barons155 m²3 2",RangeMore FiltersEgypt Real EstateApartment with Garden For sale,3,1,155,Apartment,Unfurnished,"['data/raw/images/Apartment_with_Garden_For_sale_in_Alexandria\\img_0.webp', 'data/raw/images/Apartment_with_Garden_For_sale_in_Alexandria\\img_1.webp', 'data/raw/images/Apartment_with_Garden_For_sale_in_Alexandria\\img_2.webp', 'data/raw/images/Apartment_with_Garden_For_sale_in_Alexandria\\img_3.webp', 'data/raw/images/Apartment_with_Garden_For_sale_in_Alexandria\\img_4.webp']",aqarmap,2026-04-11 22:37:56,577419.3548387097,18.309749194418266,Cairo
https://aqarmap.com.eg/en/for-sale/villa/cairo/el-shorouk/compounds/al-burouj-compound-imkan/,Villas For sale in Al Burouj Compound - Imkan,10500000,"10,500,000 EGP– 64,024 EGP/m²town house middle - fully finished for sale in al burouj el shorouk city  El Shorouk City / Al Burouj Compound - Imkan164 m²4 4",RangeMore FiltersEgypt Real EstateVillas For saleVillas For sale in Greater CairoVillas For sale in ,0,1,164,Villa,Furnished,"['data/raw/images/Villas_For_sale_in_Al_Burouj_Compound_-_Imkan\\img_0.webp', 'data/raw/images/Villas_For_sale_in_Al_Burouj_Compound_-_Imkan\\img_1.webp', 'data/raw/images/Villas_For_sale_in_Al_Burouj_Compound_-_Imkan\\img_2.webp', 'data/raw/images/Villas_For_sale_in_Al_Burouj_Compound_-_Imkan\\img_3.webp', 'data/raw/images/Villas_For_sale_in_Al_Burouj_Compound_-_Imkan\\img_4.webp']",aqarmap,2026-04-11 22:38:04,64024.39024390244,16.166885910365842,Cairo
https://aqarmap.com.eg/en/for-sale/serviced-studios/cairo/,Serviced Studios For sale in Greater Cairo,6000000,"6,000,000 EGP– 107,142 EGP/m²Down Payment4.8M EGPUp to3yrsinvestment opportunity a serviced studio in Zed Towers over instalments El Sheikh Zayed  / Z Tower - ZED El Sheikh Zayed Compound56 m²1 1",RangeMore FiltersEgypt Real EstateServiced Studios For sale,0,1,56,Studio,Unfurnished,"['data/raw/images/Serviced_Studios_For_sale_in_Greater_Cairo\\img_0.webp', 'data/raw/images/Serviced_Studios_For_sale_in_Greater_Cairo\\img_1.webp', 'data/raw/images/Serviced_Studios_For_sale_in_Greater_Cairo\\img_2.jpg', 'data/raw/images/Serviced_Studios_For_sale_in_Greater_Cairo\\img_3.webp', 'data/raw/images/Serviced_Studios_For_sale_in_Greater_Cairo\\img_4.webp']",aqarmap,2026-04-11 22:38:12,107142.85714285714,15.607270193858982,Cairo
https://aqarmap.com.eg/en/for-sale/dwr-kml/alexandria/,Full Floor For sale in Alexandria,2300000,"2,300,000 EGP– 11,500 EGP/m²دور كامل 200 M² For sale in Street 10 Al Agamy / Street 10200 m²3 1",RangeMore FiltersEgypt Real EstateFull Floor For sale,0,1,200,Apartment,Unfurnished,"['data/raw/images/Full_Floor_For_sale_in_Alexandria\\img_0.webp', 'data/raw/images/Full_Floor_For_sale_in_Alexandria\\img_1.webp', 'data/raw/images/Full_Floor_For_sale_in_Alexandria\\img_2.webp', 'data/raw/images/Full_Floor_For_sale_in_Alexandria\\img_3.webp', 'data/raw/images/Full_Floor_For_sale_in_Alexandria\\img_4.webp']",aqarmap,2026-04-11 22:38:22,11500.0,14.648420115681892,Cairo
https://aqarmap.com.eg/en/for-sale/apartment/alexandria/new-miami/,Apartments For sale in New Miami,81220000,"1,220,000 EGP– 13,555 EGP/m²Apartment Super lux For sale in Eskot New Miami / Eskot90 m²2 1",RangeMore FiltersEgypt Real EstateApartments For saleApartments For sale in Alexandria,4,4,90,Studio,Unfurnished,"['data/raw/images/Apartments_For_sale_in_New_Miami\\img_0.webp', 'data/raw/images/Apartments_For_sale_in_New_Miami\\img_1.webp', 'data/raw/images/Apartments_For_sale_in_New_Miami\\img_2.webp', 'data/raw/images/Apartments_For_sale_in_New_Miami\\img_3.webp', 'data/raw/images/Apartments_For_sale_in_New_Miami\\img_4.webp']",aqarmap,2026-04-11 22:38:37,902444.4444444445,18.212672092534664,Alexandria
https://aqarmap.com.eg/en/for-sale/apartment/cairo/new-cairo/compounds/wujood-compound-tharaa/,Apartments For sale in Wujood Compound - Tharaa,2500000,"2,400,000 EGP– 40,000 EGP/m²Own your apartment with 0% down payment in the heart of New Cairo, right next to Hyde Park, in Wujod Reside. New Cairo - 5th Settlement  / Wujood Compound - Tharaa60 m²2 1",RangeMore FiltersEgypt Real EstateApartments For saleApartments For sale in Greater CairoApartments ,0,1,60,Studio,Unfurnished,"['data/raw/images/Apartments_For_sale_in_Wujood_Compound_-_Tharaa\\img_0.webp', 'data/raw/images/Apartments_For_sale_in_Wujood_Compound_-_Tharaa\\img_1.webp', 'data/raw/images/Apartments_For_sale_in_Wujood_Compound_-_Tharaa\\img_2.webp', 'data/raw/images/Apartments_For_sale_in_Wujood_Compound_-_Tharaa\\img_3.jpg', 'data/raw/images/Apartments_For_sale_in_Wujood_Compound_-_Tharaa\\img_4.jpg']",aqarmap,2026-04-11 22:38:45,41666.666666666664,14.731801689838349,Cairo
https://aqarmap.com.eg/en/for-sale/twinhouse/cairo/,Twin House For sale in Greater Cairo,7300000,"7,300,000 EGP– 28,076 EGP/m²Your villa with a swimming pool and 8-year installments next to Mall of Arabia in Park West Compound, New Zayed 6th of October / Park West Compound - Pledge260 m²4 4",RangeMore FiltersEgypt Real EstateTwin House For sale,0,1,260,Villa,Unfurnished,"['data/raw/images/Twin_House_For_sale_in_Greater_Cairo\\img_0.webp', 'data/raw/images/Twin_House_For_sale_in_Greater_Cairo\\img_1.jpg', 'data/raw/images/Twin_House_For_sale_in_Greater_Cairo\\img_2.webp', 'data/raw/images/Twin_House_For_sale_in_Greater_Cairo\\img_3.webp', 'data/raw/images/Twin_House_For_sale_in_Greater_Cairo\\img_4.webp']",aqarmap,2026-04-11 22:38:53,28076.923076923078,15.803385043104912,Cairo
https://aqarmap.com.eg/en/for-sale/apartment/alexandria/al-agamy/,Apartments For sale in Al Agamy,1800000,"1,800,000 EGP– 13,846 EGP/m²شقة 130 متر للبيع من المالك في الكيلو 21 العجمي Al Agamy/ Al Agamy130 m²3 1",RangeMore FiltersEgypt Real EstateApartments For saleApartments For sale in Alexandria,0,1,130,Villa,Unfurnished,"['data/raw/images/Apartments_For_sale_in_Al_Agamy\\img_0.webp', 'data/raw/images/Apartments_For_sale_in_Al_Agamy\\img_1.webp', 'data/raw/images/Apartments_For_sale_in_Al_Agamy\\img_2.webp', 'data/raw/images/Apartments_For_sale_in_Al_Agamy\\img_3.webp', 'data/raw/images/Apartments_For_sale_in_Al_Agamy\\img_4.webp']",aqarmap,2026-04-11 22:39:03,13846.153846153846,14.403297778421795,Alexandria
https://aqarmap.com.eg/en/for-sale/apartment-with-garden/,Apartment with Garden For sale,5300000,"5,300,000 EGP– 34,193 EGP/m²شقة بحديقة 155 M² For sale in Calma Compound - El Nasr 6th of October / Calma Compound - El Nasr155 m²3 2",RangeMore FiltersEgypt Real Estate,0,1,155,Apartment,Unfurnished,"['data/raw/images/Apartment_with_Garden_For_sale\\img_0.webp', 'data/raw/images/Apartment_with_Garden_For_sale\\img_1.webp', 'data/raw/images/Apartment_with_Garden_For_sale\\img_2.webp', 'data/raw/images/Apartment_with_Garden_For_sale\\img_3.webp', 'data/raw/images/Apartment_with_Garden_For_sale\\img_4.webp']",aqarmap,2026-04-11 22:39:10,34193.54838709677,15.483217567201578,Cairo
https://aqarmap.com.eg/en/for-sale/villa/cairo/new-cairo/compounds/sarai/club-views-sarai-compound/,Villas For sale in Club Views - Sarai Compound,6710000,"6,710,000 EGP– 36,666 EGP/m²For sale Townhouse villa 183m corner unit, in Sarai Elm Tree Park compound with installments of 37k over 10 years- CE New Cairo - 5th Settlement  / Club Views - Sarai Compound183 m²3 3",RangeMore FiltersEgypt Real EstateVillas For saleVillas For sale in Greater CairoVillas For sale in ,5,1,183,Villa,Unfurnished,"['data/raw/images/Villas_For_sale_in_Club_Views_-_Sarai_Compound\\img_0.webp', 'data/raw/images/Villas_For_sale_in_Club_Views_-_Sarai_Compound\\img_1.webp', 'data/raw/images/Villas_For_sale_in_Club_Views_-_Sarai_Compound\\img_2.webp', 'data/raw/images/Villas_For_sale_in_Club_Views_-_Sarai_Compound\\img_3.webp', 'data/raw/images/Villas_For_sale_in_Club_Views_-_Sarai_Compound\\img_4.webp']",aqarmap,2026-04-11 22:39:22,36666.666666666664,15.71910965797915,Cairo
https://aqarmap.com.eg/en/for-sale/penthouse/cairo/,Penthouse For sale in Greater Cairo,12300000,"12,300,000 EGP– 41,137 EGP/m²Penthouse for sale in Galleria Moon Valley, Fifth Settlement – ​​4 rooms New Cairo - 5th Settlement  / Galleria Moon Valley Compound - Arabia299 m²4 3",RangeMore FiltersEgypt Real EstatePenthouse For sale,0,1,299,Penthouse,Unfurnished,"['data/raw/images/Penthouse_For_sale_in_Greater_Cairo\\img_0.webp', 'data/raw/images/Penthouse_For_sale_in_Greater_Cairo\\img_1.webp', 'data/raw/images/Penthouse_For_sale_in_Greater_Cairo\\img_2.webp', 'data/raw/images/Penthouse_For_sale_in_Greater_Cairo\\img_3.jpg', 'data/raw/images/Penthouse_For_sale_in_Greater_Cairo\\img_4.webp']",aqarmap,2026-04-11 22:39:31,41137.1237458194,16.325109901643454,Cairo
https://aqarmap.com.eg/en/for-sale/apartment/cairo/el-sheikh-zayed-city/compounds/zyd-wr-llttwyr/z-tower/,Apartments For sale in Z Tower - ZED El Sheikh Zayed Compound,9746000,"6,000,000 EGP– 107,142 EGP/m²Down Payment4.8M EGPUp to3yrsinvestment opportunity a serviced studio in Zed Towers over instalments El Sheikh Zayed  / Z Tower - ZED El Sheikh Zayed Compound56 m²1 1",RangeMore FiltersEgypt Real EstateApartments For saleApartments For sale in Greater CairoApartments ,0,1,56,Studio,Unfurnished,"['data/raw/images/Apartments_For_sale_in_Z_Tower_-_ZED_El_Sheikh_Zay\\img_0.webp', 'data/raw/images/Apartments_For_sale_in_Z_Tower_-_ZED_El_Sheikh_Zay\\img_1.webp', 'data/raw/images/Apartments_For_sale_in_Z_Tower_-_ZED_El_Sheikh_Zay\\img_2.webp', 'data/raw/images/Apartments_For_sale_in_Z_Tower_-_ZED_El_Sheikh_Zay\\img_3.webp', 'data/raw/images/Apartments_For_sale_in_Z_Tower_-_ZED_El_Sheikh_Zay\\img_4.webp']",aqarmap,2026-04-11 22:39:43,174035.7142857143,16.092367604991782,Cairo
https://aqarmap.com.eg/en/for-sale/studio/cairo/6th-of-october/hadaeq-october/compounds/badya-compound-palm-hills/,Studio For sale in Badya Compound - Palm Hills,5834500,"6,653,300 EGP– 96,424 EGP/m²ستوديو بحديقة 69 M² For sale in Badya-Wahat Road - 6th of October 6th of October / Badya Compound - Palm Hills69 m²1",RangeMore FiltersEgypt Real EstateStudio For saleStudio For sale in Greater CairoStudio For sale in,0,1,69,Villa,Unfurnished,"['data/raw/images/Studio_For_sale_in_Badya_Compound_-_Palm_Hills\\img_0.webp', 'data/raw/images/Studio_For_sale_in_Badya_Compound_-_Palm_Hills\\img_1.jpg', 'data/raw/images/Studio_For_sale_in_Badya_Compound_-_Palm_Hills\\img_2.jpg', 'data/raw/images/Studio_For_sale_in_Badya_Compound_-_Palm_Hills\\img_3.webp', 'data/raw/images/Studio_For_sale_in_Badya_Compound_-_Palm_Hills\\img_4.webp']",aqarmap,2026-04-11 22:39:51,84557.97101449275,15.579299301622576,Cairo
https://aqarmap.com.eg/en/for-sale/studio/cairo/6th-of-october/,Studio For sale in 6th of October,86880000,"6,880,000 EGP– 101,176 EGP/m²ستوديو 68 M² For sale in Hyde Park Signature-North Expansions - 6 October 6th of October / Hyde Park Signature Compound 68 m²1",RangeMore FiltersEgypt Real EstateStudio For saleStudio For sale in Greater Cairo,0,1,68,Studio,Unfurnished,"['data/raw/images/Studio_For_sale_in_6th_of_October\\img_0.webp', 'data/raw/images/Studio_For_sale_in_6th_of_October\\img_1.jpg', 'data/raw/images/Studio_For_sale_in_6th_of_October\\img_2.webp', 'data/raw/images/Studio_For_sale_in_6th_of_October\\img_3.webp', 'data/raw/images/Studio_For_sale_in_6th_of_October\\img_4.webp']",aqarmap,2026-04-11 22:39:59,1277647.0588235294,18.280038425660027,Cairo
https://aqarmap.com.eg/en/for-sale/apartment/cairo/faisal/,Apartments For sale in Faisal,910000,"910,000 EGP– 8,666 EGP/m²Apartment  For sale in Amr Ibn El Aas St. Faisal / Amr Ibn El Aas St.105 m²2 3",RangeMore FiltersEgypt Real EstateApartments For saleApartments For sale in Greater Cairo,2,1,105,Studio,Unfurnished,"['data/raw/images/Apartments_For_sale_in_Faisal\\img_0.webp', 'data/raw/images/Apartments_For_sale_in_Faisal\\img_1.webp', 'data/raw/images/Apartments_For_sale_in_Faisal\\img_2.webp', 'data/raw/images/Apartments_For_sale_in_Faisal\\img_3.webp', 'data/raw/images/Apartments_For_sale_in_Faisal\\img_4.webp']",aqarmap,2026-04-11 22:40:11,8666.666666666666,13.721200977393528,Cairo
https://aqarmap.com.eg/en/for-sale/apartment/cairo/el-sheikh-zayed-city/bait-el-watan-phase-7-el-takmelya/,Apartments For sale in Bait El Watan - Phase 7 El Takmelya,6120000,"6,120,000 EGP– 34,000 EGP/m²شقة بحديقة For sale in Bait El Watan - Phase 7 El Takmelya El Sheikh Zayed  / Bait El Watan - Phase 7 El Takmelya180 m²3 3",RangeMore FiltersEgypt Real EstateApartments For saleApartments For sale in Greater CairoApartments ,0,1,180,Studio,Unfurnished,"['data/raw/images/Apartments_For_sale_in_Bait_El_Watan_-_Phase_7_El_\\img_0.webp', 'data/raw/images/Apartments_For_sale_in_Bait_El_Watan_-_Phase_7_El_\\img_1.webp', 'data/raw/images/Apartments_For_sale_in_Bait_El_Watan_-_Phase_7_El_\\img_2.webp', 'data/raw/images/Apartments_For_sale_in_Bait_El_Watan_-_Phase_7_El_\\img_3.webp', 'data/raw/images/Apartments_For_sale_in_Bait_El_Watan_-_Phase_7_El_\\img_4.webp']",aqarmap,2026-04-11 22:40:25,34000.0,15.62707281788719,Cairo
https://aqarmap.com.eg/en/for-sale/apartment/alexandria/smouha/Muruj/,Apartments For sale in Muruj,12720000,"12,720,000 EGP– 60,000 EGP/m²Apartment Extra super lux For sale in Muruj Smouha / Muruj212 m²4 3",RangeMore FiltersEgypt Real EstateApartments For saleApartments For sale in AlexandriaApartments For,0,1,212,Villa,Unfurnished,"['data/raw/images/Apartments_For_sale_in_Muruj\\img_0.webp', 'data/raw/images/Apartments_For_sale_in_Muruj\\img_1.webp', 'data/raw/images/Apartments_For_sale_in_Muruj\\img_2.webp', 'data/raw/images/Apartments_For_sale_in_Muruj\\img_3.webp', 'data/raw/images/Apartments_For_sale_in_Muruj\\img_4.webp']",aqarmap,2026-04-11 22:40:44,60000.0,16.3586861944926,Alexandria
https://aqarmap.com.eg/en/for-sale/property-type/alexandria/,Properties For sale in Alexandria,1800000,"1,800,000 EGP– 13,846 EGP/m²شقة 130 متر للبيع من المالك في الكيلو 21 العجمي Al Agamy/ Al Agamy130 m²3 1",RangeMore FiltersEgypt Real EstateProperties For sale,0,1,130,Villa,Furnished,"['data/raw/images/Properties_For_sale_in_Alexandria\\img_0.webp', 'data/raw/images/Properties_For_sale_in_Alexandria\\img_1.webp', 'data/raw/images/Properties_For_sale_in_Alexandria\\img_2.webp', 'data/raw/images/Properties_For_sale_in_Alexandria\\img_3.webp', 'data/raw/images/Properties_For_sale_in_Alexandria\\img_4.webp']",aqarmap,2026-04-11 22:40:52,13846.153846153846,14.403297778421795,Cairo
https://aqarmap.com.eg/en/for-sale/apartment/cairo/el-sheikh-zayed-city/lshykh-zyd-ljdyd/havre-compound-el-ezz/,Apartments For sale in Havre Compound - El Ezz,5500000,"5,500,000 EGP– 34,375 EGP/m²13-year installment plan for Sky Villa at a special price next to Mall of Arabia in New Zayed, Havre Compound El Sheikh Zayed  / Havre Compound - El Ezz160 m²3 2",RangeMore FiltersEgypt Real EstateApartments For saleApartments For sale in Greater CairoApartments ,0,1,160,Villa,Unfurnished,"['data/raw/images/Apartments_For_sale_in_Havre_Compound_-_El_Ezz\\img_0.webp', 'data/raw/images/Apartments_For_sale_in_Havre_Compound_-_El_Ezz\\img_1.webp', 'data/raw/images/Apartments_For_sale_in_Havre_Compound_-_El_Ezz\\img_2.jpg', 'data/raw/images/Apartments_For_sale_in_Havre_Compound_-_El_Ezz\\img_3.webp', 'data/raw/images/Apartments_For_sale_in_Havre_Compound_-_El_Ezz\\img_4.webp']",aqarmap,2026-04-11 22:41:15,34375.0,15.520258832020865,Cairo
https://aqarmap.com.eg/en/for-sale/villa/cairo/el-shorouk/,Villas For sale in El Shorouk City,10500000,"10,500,000 EGP– 64,024 EGP/m²town house middle - fully finished for sale in al burouj el shorouk city  El Shorouk City / Al Burouj Compound - Imkan164 m²4 4",RangeMore FiltersEgypt Real EstateVillas For saleVillas For sale in Greater Cairo,0,1,164,Villa,Unfurnished,"['data/raw/images/Villas_For_sale_in_El_Shorouk_City\\img_0.jpg', 'data/raw/images/Villas_For_sale_in_El_Shorouk_City\\img_1.webp', 'data/raw/images/Villas_For_sale_in_El_Shorouk_City\\img_2.webp', 'data/raw/images/Villas_For_sale_in_El_Shorouk_City\\img_3.webp', 'data/raw/images/Villas_For_sale_in_El_Shorouk_City\\img_4.webp']",aqarmap,2026-04-11 22:41:25,64024.39024390244,16.166885910365842,Cairo
https://aqarmap.com.eg/en/for-sale/villa/cairo/new-cairo/,Villas For sale in New Cairo - 5th Settlement,13500000,"13,500,000 EGP– 60,000 EGP/m²Spacious 4-Bedroom Villa for Sale in Trio Gardens, New Cairo New Cairo - 5th Settlement  / Trio Gardens Compound - M Squared225 m²4 5",RangeMore FiltersEgypt Real EstateVillas For saleVillas For sale in Greater Cairo,0,1,225,Villa,Unfurnished,"['data/raw/images/Villas_For_sale_in_New_Cairo_-_5th_Settlement\\img_0.webp', 'data/raw/images/Villas_For_sale_in_New_Cairo_-_5th_Settlement\\img_1.webp', 'data/raw/images/Villas_For_sale_in_New_Cairo_-_5th_Settlement\\img_2.webp', 'data/raw/images/Villas_For_sale_in_New_Cairo_-_5th_Settlement\\img_3.webp', 'data/raw/images/Villas_For_sale_in_New_Cairo_-_5th_Settlement\\img_4.webp']",aqarmap,2026-04-11 22:41:34,60000.0,16.41820031748273,Cairo
https://aqarmap.com.eg/en/for-sale/apartment-2/cairo/,Apartment For sale in Greater Cairo,4600000,"4,600,000 EGP– 27,878 EGP/m²Apartment 165 متر² للبيع فى النزهة الجديدة El Nozha / El Nozha El Gedida 165 m²",RangeMore FiltersEgypt Real EstateApartment For sale,3,1,165,Villa,Furnished,"['data/raw/images/Apartment_For_sale_in_Greater_Cairo\\img_0.webp', 'data/raw/images/Apartment_For_sale_in_Greater_Cairo\\img_1.webp', 'data/raw/images/Apartment_For_sale_in_Greater_Cairo\\img_2.webp', 'data/raw/images/Apartment_For_sale_in_Greater_Cairo\\img_3.webp', 'data/raw/images/Apartment_For_sale_in_Greater_Cairo\\img_4.webp']",aqarmap,2026-04-11 22:42:00,27878.78787878788,15.341567078850604,Cairo
https://aqarmap.com.eg/en/for-sale/apartment/cairo/new-cairo/bait-el-watan/second-neighborhood/,Apartments For sale in Second Neighborhood,5050000,"5,050,000 EGP– 25,765 EGP/m²apartment for sale 196m new cairo 5th settlement bait al watan second neiborhood New Cairo - 5th Settlement  / Second Neighborhood196 m²3 3",RangeMore FiltersEgypt Real EstateApartments For saleApartments For sale in Greater CairoApartments ,0,1,196,Studio,Unfurnished,"['data/raw/images/Apartments_For_sale_in_Second_Neighborhood\\img_0.webp', 'data/raw/images/Apartments_For_sale_in_Second_Neighborhood\\img_1.webp', 'data/raw/images/Apartments_For_sale_in_Second_Neighborhood\\img_2.webp', 'data/raw/images/Apartments_For_sale_in_Second_Neighborhood\\img_3.webp', 'data/raw/images/Apartments_For_sale_in_Second_Neighborhood\\img_4.webp']",aqarmap,2026-04-11 22:42:14,25765.30612244898,15.434898999271326,Cairo
https://aqarmap.com.eg/en/for-sale/villa/cairo/new-cairo/lmstqbl-syty/compounds/the-wonder-marq-the-marq/,Villas For sale in The Wonder MarQ Compound - The MarQ,13600000,"13,000,000 EGP– 108,333 EGP/m²town house For sale in The Wonder Marq Compound over installments  New Cairo - 5th Settlement  / The Wonder MarQ Compound - The MarQ120 m²2 2",RangeMore FiltersEgypt Real EstateVillas For saleVillas For sale in Greater CairoVillas For sale in ,0,1,120,Villa,Unfurnished,"['data/raw/images/Villas_For_sale_in_The_Wonder_MarQ_Compound_-_The_\\img_0.webp', 'data/raw/images/Villas_For_sale_in_The_Wonder_MarQ_Compound_-_The_\\img_1.webp', 'data/raw/images/Villas_For_sale_in_The_Wonder_MarQ_Compound_-_The_\\img_2.webp', 'data/raw/images/Villas_For_sale_in_The_Wonder_MarQ_Compound_-_The_\\img_3.webp', 'data/raw/images/Villas_For_sale_in_The_Wonder_MarQ_Compound_-_The_\\img_4.webp']",aqarmap,2026-04-11 22:42:27,113333.33333333333,16.42558042423569,Cairo
https://aqarmap.com.eg/en/for-sale/apartment/cairo/new-cairo/compounds/sarai/esse-residence-sarai/,Apartments For sale in Esse Residence - Sarai,5580000,"5,580,000 EGP– 31,173 EGP/m²receive now apartment in Sarai compound with open view over installments  New Cairo - 5th Settlement  / Esse Residence - Sarai179 m²3 2",RangeMore FiltersEgypt Real EstateApartments For saleApartments For sale in Greater CairoApartments ,3,1,179,Studio,Unfurnished,"['data/raw/images/Apartments_For_sale_in_Esse_Residence_-_Sarai\\img_0.webp', 'data/raw/images/Apartments_For_sale_in_Esse_Residence_-_Sarai\\img_1.webp', 'data/raw/images/Apartments_For_sale_in_Esse_Residence_-_Sarai\\img_2.webp', 'data/raw/images/Apartments_For_sale_in_Esse_Residence_-_Sarai\\img_3.webp', 'data/raw/images/Apartments_For_sale_in_Esse_Residence_-_Sarai\\img_4.webp']",aqarmap,2026-04-11 22:42:37,31173.1843575419,15.534699513568947,Cairo
https://aqarmap.com.eg/en/for-sale/apartment/cairo/new-cairo/bait-el-watan/fifth-neighborhood/,Apartments For sale in Fifth Neighborhood,2900000,"2,900,000 EGP– 19,727 EGP/m²Down Payment1.9M EGPUp to1yrسكني 147 M² For sale in Fifth Neighborhood New Cairo - 5th Settlement  / Fifth Neighborhood147 m²3 2",RangeMore FiltersEgypt Real EstateApartments For saleApartments For sale in Greater CairoApartments ,0,1,147,Studio,Unfurnished,"['data/raw/images/Apartments_For_sale_in_Fifth_Neighborhood\\img_0.webp', 'data/raw/images/Apartments_For_sale_in_Fifth_Neighborhood\\img_1.webp', 'data/raw/images/Apartments_For_sale_in_Fifth_Neighborhood\\img_2.webp', 'data/raw/images/Apartments_For_sale_in_Fifth_Neighborhood\\img_3.webp', 'data/raw/images/Apartments_For_sale_in_Fifth_Neighborhood\\img_4.webp']",aqarmap,2026-04-11 22:42:51,19727.891156462585,14.88022163978423,Cairo
https://aqarmap.com.eg/en/for-sale/apartment/alexandria/el-asafra/,Apartments For sale in El Asafra,83100000,"3,100,000 EGP– 22,962 EGP/m²Apartment For sale in El Geish Rd.  El Asafra / El Geish Rd. 135 m²3 2",RangeMore FiltersEgypt Real EstateApartments For saleApartments For sale in Alexandria,0,1,135,Studio,Unfurnished,"['data/raw/images/Apartments_For_sale_in_El_Asafra\\img_0.webp', 'data/raw/images/Apartments_For_sale_in_El_Asafra\\img_1.webp', 'data/raw/images/Apartments_For_sale_in_El_Asafra\\img_2.webp', 'data/raw/images/Apartments_For_sale_in_El_Asafra\\img_3.webp', 'data/raw/images/Apartments_For_sale_in_El_Asafra\\img_4.webp']",aqarmap,2026-04-11 22:43:11,615555.5555555555,18.235555271859372,Alexandria
https://aqarmap.com.eg/en/for-sale/duplex-garden/,Duplex with Garden For sale,6500000,"6,500,000 EGP– 16,666 EGP/m²فورى دوبلكس بسعر شقه ولوكشين مميز جدا بفيو مفتوح غير مجروح تماما 390م + 260 م جاردن 6th of October / Neighborhood 9th390 m²4 3",RangeMore FiltersEgypt Real Estate,0,1,390,Duplex,Unfurnished,"['data/raw/images/Duplex_with_Garden_For_sale\\img_0.webp', 'data/raw/images/Duplex_with_Garden_For_sale\\img_1.webp', 'data/raw/images/Duplex_with_Garden_For_sale\\img_2.webp', 'data/raw/images/Duplex_with_Garden_For_sale\\img_3.webp', 'data/raw/images/Duplex_with_Garden_For_sale\\img_4.webp']",aqarmap,2026-04-11 22:43:17,16666.666666666668,15.687312888712007,Cairo
https://aqarmap.com.eg/en/for-sale/apartment/cairo/new-cairo/compounds/blm-hylz-nyw-kyrw/,Apartments For sale in Palm Hills New Cairo - PHNC,9283000,"15,500,000 EGP– 62,000 EGP/m²Apartment For sale in Palm Hills New Cairo - PHNC  New Cairo - 5th Settlement  / Palm Hills New Cairo - PHNC 250 m²3 3",RangeMore FiltersEgypt Real EstateApartments For saleApartments For sale in Greater CairoApartments ,0,1,250,Villa,Unfurnished,"['data/raw/images/Apartments_For_sale_in_Palm_Hills_New_Cairo_-_PHNC\\img_0.webp', 'data/raw/images/Apartments_For_sale_in_Palm_Hills_New_Cairo_-_PHNC\\img_1.webp', 'data/raw/images/Apartments_For_sale_in_Palm_Hills_New_Cairo_-_PHNC\\img_2.jpg', 'data/raw/images/Apartments_For_sale_in_Palm_Hills_New_Cairo_-_PHNC\\img_3.jpg', 'data/raw/images/Apartments_For_sale_in_Palm_Hills_New_Cairo_-_PHNC\\img_4.webp']",aqarmap,2026-04-11 22:43:39,37132.0,16.04369543610586,Cairo
https://aqarmap.com.eg/en/for-sale/palace/cairo/,Palace For sale in Greater Cairo,71000000,"71,000,000 EGP– 24,482 EGP/m²قصر For sale in El Shaheed Mohamed Abd El Latif El Shimi St. 6th of October / El Shaheed Mohamed Abd El Latif El Shimi St.2900 m²15 16",RangeMore FiltersEgypt Real EstatePalace For sale,2,1,2900,Apartment,Unfurnished,"['data/raw/images/Palace_For_sale_in_Greater_Cairo\\img_0.webp', 'data/raw/images/Palace_For_sale_in_Greater_Cairo\\img_1.webp', 'data/raw/images/Palace_For_sale_in_Greater_Cairo\\img_2.jpg', 'data/raw/images/Palace_For_sale_in_Greater_Cairo\\img_3.webp', 'data/raw/images/Palace_For_sale_in_Greater_Cairo\\img_4.webp']",aqarmap,2026-04-11 22:43:46,24482.758620689656,18.078190449090098,Cairo
https://aqarmap.com.eg/en/for-sale/townhouse/cairo/6th-of-october/,Town House For sale in 6th of October,13700000,"13,700,000 EGP– 63,720 EGP/m²تاون هاوس For sale in Waterside - Garden Lakes Compound  6th of October / Waterside - Garden Lakes Compound 215 m²4 4",RangeMore FiltersEgypt Real EstateTown House For saleTown House For sale in Greater Cairo,0,1,215,Townhouse,Unfurnished,"['data/raw/images/Town_House_For_sale_in_6th_of_October\\img_0.webp', 'data/raw/images/Town_House_For_sale_in_6th_of_October\\img_1.jpg', 'data/raw/images/Town_House_For_sale_in_6th_of_October\\img_2.webp', 'data/raw/images/Town_House_For_sale_in_6th_of_October\\img_3.webp', 'data/raw/images/Town_House_For_sale_in_6th_of_October\\img_4.webp']",aqarmap,2026-04-11 22:44:20,63720.93023255814,16.432906463791053,Cairo
https://aqarmap.com.eg/en/for-sale/apartment/cairo/el-maadi/,Apartments For sale in El Maadi,4485000,"4,485,000 EGP– 30,931 EGP/m²سكني للبيع الشطر السابع El Maadi / Seventh Neighborhood145 m²3 2",RangeMore FiltersEgypt Real EstateApartments For saleApartments For sale in Greater Cairo,3,1,145,Studio,Unfurnished,"['data/raw/images/Apartments_For_sale_in_El_Maadi\\img_0.webp', 'data/raw/images/Apartments_For_sale_in_El_Maadi\\img_1.webp', 'data/raw/images/Apartments_For_sale_in_El_Maadi\\img_2.webp', 'data/raw/images/Apartments_For_sale_in_El_Maadi\\img_3.webp', 'data/raw/images/Apartments_For_sale_in_El_Maadi\\img_4.webp']",aqarmap,2026-04-11 22:44:33,30931.03448275862,15.316249276440448,Cairo
https://aqarmap.com.eg/en/for-sale/apartment/cairo/new-administrative-capital/r3/lmqsd/almaqsad-park/,Apartments For sale in  AlMaqsad Park - AlMaqsad Residence,4940000,"2,935,000 EGP– 24,256 EGP/m²Apartment  For sale in  AlMaqsad Park - AlMaqsad Residence New Administrative Capital /  AlMaqsad Park - AlMaqsad Residence121 m²3 2",RangeMore FiltersEgypt Real EstateApartments For saleApartments For sale in Greater CairoApartments ,3,1,121,Villa,Unfurnished,"['data/raw/images/Apartments_For_sale_in__AlMaqsad_Park_-_AlMaqsad_R\\img_0.webp', 'data/raw/images/Apartments_For_sale_in__AlMaqsad_Park_-_AlMaqsad_R\\img_1.webp', 'data/raw/images/Apartments_For_sale_in__AlMaqsad_Park_-_AlMaqsad_R\\img_2.webp', 'data/raw/images/Apartments_For_sale_in__AlMaqsad_Park_-_AlMaqsad_R\\img_3.webp', 'data/raw/images/Apartments_For_sale_in__AlMaqsad_Park_-_AlMaqsad_R\\img_4.webp']",aqarmap,2026-04-11 22:44:55,40826.44628099174,15.412876091593235,Cairo
https://aqarmap.com.eg/en/for-sale/villa/cairo/new-cairo/gharb-el-golf/alaa-elsaadany-st/,Villas For sale in Alaa Elsaadany St.,92000000,"92,000,000 EGP– 95,435 EGP/m²قصر For sale in Alaa Elsaadany St. New Cairo - 5th Settlement  / Alaa Elsaadany St.964 m²16 14",RangeMore FiltersEgypt Real EstateVillas For saleVillas For sale in Greater CairoVillas For sale in ,0,1,964,Villa,Unfurnished,"['data/raw/images/Villas_For_sale_in_Alaa_Elsaadany_St_\\img_0.webp', 'data/raw/images/Villas_For_sale_in_Alaa_Elsaadany_St_\\img_1.webp', 'data/raw/images/Villas_For_sale_in_Alaa_Elsaadany_St_\\img_2.jpg', 'data/raw/images/Villas_For_sale_in_Alaa_Elsaadany_St_\\img_3.webp', 'data/raw/images/Villas_For_sale_in_Alaa_Elsaadany_St_\\img_4.webp']",aqarmap,2026-04-11 22:45:05,95435.6846473029,18.33729914588288,Cairo
https://aqarmap.com.eg/en/for-sale/skny/,Residential For sale,4485000,"4,485,000 EGP– 30,931 EGP/m²سكني للبيع الشطر السابع El Maadi / Seventh Neighborhood145 m²3 2",RangeMore FiltersEgypt Real Estate,0,1,145,Apartment,Unfurnished,"['data/raw/images/Residential_For_sale\\img_0.webp', 'data/raw/images/Residential_For_sale\\img_1.webp', 'data/raw/images/Residential_For_sale\\img_2.webp', 'data/raw/images/Residential_For_sale\\img_3.webp', 'data/raw/images/Residential_For_sale\\img_4.webp']",aqarmap,2026-04-11 22:45:13,30931.03448275862,15.316249276440448,Cairo
https://aqarmap.com.eg/en/for-sale/apartment/cairo/faisal/shareaa-el-malek-fasel/,Apartments For sale in King Faisal St,1250000,"1,250,000 EGP– 8,064 EGP/m²Down Payment700K EGPUp to10mosشقق للبيع في شارع الملك فيصل Faisal / King Faisal St155 m²3 2",RangeMore FiltersEgypt Real EstateApartments For saleApartments For sale in Greater CairoApartments ,0,1,155,Studio,Unfurnished,"['data/raw/images/Apartments_For_sale_in_King_Faisal_St\\img_0.webp', 'data/raw/images/Apartments_For_sale_in_King_Faisal_St\\img_1.webp', 'data/raw/images/Apartments_For_sale_in_King_Faisal_St\\img_2.webp', 'data/raw/images/Apartments_For_sale_in_King_Faisal_St\\img_3.webp', 'data/raw/images/Apartments_For_sale_in_King_Faisal_St\\img_4.webp']",aqarmap,2026-04-11 22:45:31,8064.5161290322585,14.038654909278163,Cairo
https://aqarmap.com.eg/en/for-sale/apartment/cairo/mokattam/lhdb-l-ly/shr-17/,Apartments For sale in Street 17,5452000,"5,452,000 EGP– 29,000 EGP/m²Down Payment2.2M EGPUp to4yrsشقة 188 متر² للبيع فى شارع 17 Mokattam / Street 17188 m²3 2",RangeMore FiltersEgypt Real EstateApartments For saleApartments For sale in Greater CairoApartments ,3,1,188,Studio,Unfurnished,"['data/raw/images/Apartments_For_sale_in_Street_17\\img_0.webp', 'data/raw/images/Apartments_For_sale_in_Street_17\\img_1.webp', 'data/raw/images/Apartments_For_sale_in_Street_17\\img_2.webp', 'data/raw/images/Apartments_For_sale_in_Street_17\\img_3.jpg', 'data/raw/images/Apartments_For_sale_in_Street_17\\img_4.webp']",aqarmap,2026-04-11 22:45:42,29000.0,15.511493255217472,Cairo
https://aqarmap.com.eg/en/for-sale/villa/cairo/el-sheikh-zayed-city/lshykh-zyd-ljdyd/girona-compound-wb/,Villas For sale in Girona Compound - WB,6930000,"6,930,000 EGP– 28,875 EGP/m²Villa at an unbeatable price with 10-year installments next to Mountain View in Girona 4 compound El Sheikh Zayed  / Girona Compound - WB240 m²4 3",RangeMore FiltersEgypt Real EstateVillas For saleVillas For sale in Greater CairoVillas For sale in ,0,1,240,Villa,Unfurnished,"['data/raw/images/Villas_For_sale_in_Girona_Compound_-_WB\\img_0.webp', 'data/raw/images/Villas_For_sale_in_Girona_Compound_-_WB\\img_1.webp', 'data/raw/images/Villas_For_sale_in_Girona_Compound_-_WB\\img_2.jpg', 'data/raw/images/Villas_For_sale_in_Girona_Compound_-_WB\\img_3.webp', 'data/raw/images/Villas_For_sale_in_Girona_Compound_-_WB\\img_4.webp']",aqarmap,2026-04-11 22:46:01,28875.0,15.75137051546622,Cairo
https://aqarmap.com.eg/en/for-sale/penthouse/,Penthouse For sale,12300000,"12,300,000 EGP– 41,137 EGP/m²Penthouse for sale in Galleria Moon Valley, Fifth Settlement – ​​4 rooms New Cairo - 5th Settlement  / Galleria Moon Valley Compound - Arabia299 m²4 3",RangeMore FiltersEgypt Real Estate,0,1,299,Penthouse,Unfurnished,"['data/raw/images/Penthouse_For_sale\\img_0.webp', 'data/raw/images/Penthouse_For_sale\\img_1.webp', 'data/raw/images/Penthouse_For_sale\\img_2.webp', 'data/raw/images/Penthouse_For_sale\\img_3.jpg', 'data/raw/images/Penthouse_For_sale\\img_4.webp']",aqarmap,2026-04-11 22:46:14,41137.1237458194,16.325109901643454,Cairo
https://aqarmap.com.eg/en/for-sale/townhouse/,Town House For sale,13700000,"13,700,000 EGP– 63,720 EGP/m²تاون هاوس For sale in Waterside - Garden Lakes Compound  6th of October / Waterside - Garden Lakes Compound 215 m²4 4",RangeMore FiltersEgypt Real Estate,0,1,215,Villa,Unfurnished,"['data/raw/images/Town_House_For_sale\\img_0.webp', 'data/raw/images/Town_House_For_sale\\img_1.webp', 'data/raw/images/Town_House_For_sale\\img_2.webp', 'data/raw/images/Town_House_For_sale\\img_3.webp', 'data/raw/images/Town_House_For_sale\\img_4.webp']",aqarmap,2026-04-11 22:46:20,63720.93023255814,16.432906463791053,Cairo
https://aqarmap.com.eg/en/for-sale/property-type/cairo/el-maadi/el-maadi-el-gededa/el-arab/,Properties For sale in New Maadi,4000000,"4,000,000 EGP– 23,529 EGP/m²Fully finished apartment for sale at new maadi El Maadi / El Lasilki St.170 m²3 3",RangeMore FiltersEgypt Real EstateProperties For saleProperties For sale in Greater CairoProperties ,0,1,170,Villa,Furnished,"['data/raw/images/Properties_For_sale_in_New_Maadi\\img_0.webp', 'data/raw/images/Properties_For_sale_in_New_Maadi\\img_1.webp', 'data/raw/images/Properties_For_sale_in_New_Maadi\\img_2.webp', 'data/raw/images/Properties_For_sale_in_New_Maadi\\img_3.webp', 'data/raw/images/Properties_For_sale_in_New_Maadi\\img_4.webp']",aqarmap,2026-04-11 22:46:41,23529.41176470588,15.201805169084134,Cairo
https://aqarmap.com.eg/en/for-sale/apartment/cairo/new-cairo/compounds/the-square/,Apartments For sale in The Square Compound - Sabbour,8000000,"8,000,000 EGP– 43,243 EGP/m²185 m 3-Bedroom Apartment fully finished n The Square Fifth Settlement New Cairo - 5th Settlement  / The Square Compound - Sabbour185 m²3 3",RangeMore FiltersEgypt Real EstateApartments For saleApartments For sale in Greater CairoApartments ,3,1,185,Studio,Unfurnished,"['data/raw/images/Apartments_For_sale_in_The_Square_Compound_-_Sabbo\\img_0.webp', 'data/raw/images/Apartments_For_sale_in_The_Square_Compound_-_Sabbo\\img_1.webp', 'data/raw/images/Apartments_For_sale_in_The_Square_Compound_-_Sabbo\\img_2.webp', 'data/raw/images/Apartments_For_sale_in_The_Square_Compound_-_Sabbo\\img_3.webp', 'data/raw/images/Apartments_For_sale_in_The_Square_Compound_-_Sabbo\\img_4.webp']",aqarmap,2026-04-11 22:47:02,43243.24324324324,15.894952224644102,Cairo
https://aqarmap.com.eg/en/for-sale/apartment/cairo/new-cairo/compounds/trio-gardens/,Apartments For sale in Trio Gardens Compound - M Squared,11660276,"13,000,000 EGP– 53,061 EGP/m²duplex for sale in trio new cairo 245  New Cairo - 5th Settlement  / Trio Gardens Compound - M Squared245 m²3 4",RangeMore FiltersEgypt Real EstateApartments For saleApartments For sale in Greater CairoApartments ,0,1,245,Villa,Unfurnished,"['data/raw/images/Apartments_For_sale_in_Trio_Gardens_Compound_-_M_S\\img_0.webp', 'data/raw/images/Apartments_For_sale_in_Trio_Gardens_Compound_-_M_S\\img_1.webp', 'data/raw/images/Apartments_For_sale_in_Trio_Gardens_Compound_-_M_S\\img_2.webp', 'data/raw/images/Apartments_For_sale_in_Trio_Gardens_Compound_-_M_S\\img_3.webp', 'data/raw/images/Apartments_For_sale_in_Trio_Gardens_Compound_-_M_S\\img_4.webp']",aqarmap,2026-04-11 22:47:15,47592.96326530612,16.271698495036688,Cairo
https://aqarmap.com.eg/en/for-sale/apartment/cairo/el-maadi/zahraa-el-maadi/seventh-neighborhood/,Apartments For sale in Seventh Neighborhood,4485000,"4,485,000 EGP– 30,931 EGP/m²سكني للبيع الشطر السابع El Maadi / Seventh Neighborhood145 m²3 2",RangeMore FiltersEgypt Real EstateApartments For saleApartments For sale in Greater CairoApartments ,0,1,145,Studio,Unfurnished,"['data/raw/images/Apartments_For_sale_in_Seventh_Neighborhood\\img_0.webp', 'data/raw/images/Apartments_For_sale_in_Seventh_Neighborhood\\img_1.webp', 'data/raw/images/Apartments_For_sale_in_Seventh_Neighborhood\\img_2.webp', 'data/raw/images/Apartments_For_sale_in_Seventh_Neighborhood\\img_3.webp', 'data/raw/images/Apartments_For_sale_in_Seventh_Neighborhood\\img_4.webp']",aqarmap,2026-04-11 22:47:31,30931.03448275862,15.316249276440448,Cairo
https://aqarmap.com.eg/en/for-sale/apartment/cairo/,Apartments For sale in Greater Cairo,15500000,"15,500,000 EGP– 62,000 EGP/m²Apartment For sale in Palm Hills New Cairo - PHNC  New Cairo - 5th Settlement  / Palm Hills New Cairo - PHNC 250 m²3 3",RangeMore FiltersEgypt Real EstateApartments For sale,0,1,250,Villa,Unfurnished,"['data/raw/images/Apartments_For_sale_in_Greater_Cairo\\img_0.webp', 'data/raw/images/Apartments_For_sale_in_Greater_Cairo\\img_1.webp', 'data/raw/images/Apartments_For_sale_in_Greater_Cairo\\img_2.webp', 'data/raw/images/Apartments_For_sale_in_Greater_Cairo\\img_3.webp', 'data/raw/images/Apartments_For_sale_in_Greater_Cairo\\img_4.webp']",aqarmap,2026-04-11 22:47:44,62000.0,16.5563506464056,Cairo
https://aqarmap.com.eg/en/for-sale/apartment/cairo/6th-of-october/,Apartments For sale in 6th of October,5700000,"5,700,000 EGP– 28,500 EGP/m²For sale - Apartment 200 M² Semi Finished in Northern Tourist Expansions 6th of October / Northern Tourist Expansions200 m²3 2",RangeMore FiltersEgypt Real EstateApartments For saleApartments For sale in Greater Cairo,0,1,200,Studio,Unfurnished,"['data/raw/images/Apartments_For_sale_in_6th_of_October\\img_0.webp', 'data/raw/images/Apartments_For_sale_in_6th_of_October\\img_1.webp', 'data/raw/images/Apartments_For_sale_in_6th_of_October\\img_2.webp', 'data/raw/images/Apartments_For_sale_in_6th_of_October\\img_3.webp', 'data/raw/images/Apartments_For_sale_in_6th_of_October\\img_4.webp']",aqarmap,2026-04-11 22:47:52,28500.0,15.555976908243359,Cairo
https://aqarmap.com.eg/en/for-sale/villa/cairo/new-cairo/madinaty/lmntq-lthlthh-fylt/group-25/,Villas For sale in Group 25,15870000,"15,870,000 EGP– 75,213 EGP/m²تاون هاوس  For sale in Group 25 New Cairo - 5th Settlement  / Group 25211 m²3 3",RangeMore FiltersEgypt Real EstateVillas For saleVillas For sale in Greater CairoVillas For sale in ,0,1,25211,Villa,Unfurnished,"['data/raw/images/Villas_For_sale_in_Group_25\\img_0.webp', 'data/raw/images/Villas_For_sale_in_Group_25\\img_1.webp', 'data/raw/images/Villas_For_sale_in_Group_25\\img_2.webp', 'data/raw/images/Villas_For_sale_in_Group_25\\img_3.webp', 'data/raw/images/Villas_For_sale_in_Group_25\\img_4.webp']",aqarmap,2026-04-11 22:48:06,629.4871286343263,16.57994115551456,Cairo
https://aqarmap.com.eg/en/for-sale/townhouse/cairo/6th-of-october/compounds/garden-lakes-compound-hyde-park/,Town House For sale in Garden Lakes Compound - Hyde Park,6800000,"13,700,000 EGP– 63,720 EGP/m²تاون هاوس For sale in Waterside - Garden Lakes Compound  6th of October / Waterside - Garden Lakes Compound 215 m²4 4",RangeMore FiltersEgypt Real EstateTown House For saleTown House For sale in Greater CairoTown House ,5,1,215,Villa,Unfurnished,"['data/raw/images/Town_House_For_sale_in_Garden_Lakes_Compound_-_Hyd\\img_0.webp', 'data/raw/images/Town_House_For_sale_in_Garden_Lakes_Compound_-_Hyd\\img_1.webp', 'data/raw/images/Town_House_For_sale_in_Garden_Lakes_Compound_-_Hyd\\img_2.jpg', 'data/raw/images/Town_House_For_sale_in_Garden_Lakes_Compound_-_Hyd\\img_3.webp', 'data/raw/images/Town_House_For_sale_in_Garden_Lakes_Compound_-_Hyd\\img_4.webp']",aqarmap,2026-04-11 22:48:33,31627.906976744187,15.732433317205148,Cairo
https://aqarmap.com.eg/en/for-sale/apartment/cairo/new-cairo/bait-el-watan/fourth-neighborhood/,Apartments For sale in Fourth Neighborhood,5900000,"5,900,000 EGP– 23,137 EGP/m²امتلك دوبلكس  255م بالحى الرابع بيت الوطن تعاقد 25% من المالك مباشرا New Cairo - 5th Settlement  / Fourth Neighborhood255 m²3 4",RangeMore FiltersEgypt Real EstateApartments For saleApartments For sale in Greater CairoApartments ,0,1,255,Studio,Unfurnished,"['data/raw/images/Apartments_For_sale_in_Fourth_Neighborhood\\img_0.webp', 'data/raw/images/Apartments_For_sale_in_Fourth_Neighborhood\\img_1.webp', 'data/raw/images/Apartments_For_sale_in_Fourth_Neighborhood\\img_2.webp', 'data/raw/images/Apartments_For_sale_in_Fourth_Neighborhood\\img_3.webp', 'data/raw/images/Apartments_For_sale_in_Fourth_Neighborhood\\img_4.webp']",aqarmap,2026-04-11 22:48:53,23137.254901960783,15.59046307836746,Cairo
https://aqarmap.com.eg/en/for-sale/apartment/alexandria/smouha/,Apartments For sale in Smouha,12720000,"12,720,000 EGP– 60,000 EGP/m²Apartment Extra super lux For sale in Muruj Smouha / Muruj212 m²4 3",RangeMore FiltersEgypt Real EstateApartments For saleApartments For sale in Alexandria,0,1,212,Villa,Unfurnished,"['data/raw/images/Apartments_For_sale_in_Smouha\\img_0.webp', 'data/raw/images/Apartments_For_sale_in_Smouha\\img_1.jpg', 'data/raw/images/Apartments_For_sale_in_Smouha\\img_2.webp', 'data/raw/images/Apartments_For_sale_in_Smouha\\img_3.webp', 'data/raw/images/Apartments_For_sale_in_Smouha\\img_4.webp']",aqarmap,2026-04-11 22:49:41,60000.0,16.3586861944926,Alexandria
https://aqarmap.com.eg/en/for-sale/skny/cairo/,Residential For sale in Greater Cairo,4485000,"4,485,000 EGP– 30,931 EGP/m²سكني للبيع الشطر السابع El Maadi / Seventh Neighborhood145 m²3 2",RangeMore FiltersEgypt Real EstateResidential For sale,0,1,145,Apartment,Unfurnished,"['data/raw/images/Residential_For_sale_in_Greater_Cairo\\img_0.webp', 'data/raw/images/Residential_For_sale_in_Greater_Cairo\\img_1.webp', 'data/raw/images/Residential_For_sale_in_Greater_Cairo\\img_2.webp', 'data/raw/images/Residential_For_sale_in_Greater_Cairo\\img_3.webp', 'data/raw/images/Residential_For_sale_in_Greater_Cairo\\img_4.webp']",aqarmap,2026-04-11 22:49:51,30931.03448275862,15.316249276440448,Cairo
https://aqarmap.com.eg/en/for-sale/apartment/cairo/6th-of-october/el-tawsaat-el-shamalya/ltws-t-lsyhy-lshmly/,Apartments For sale in Northern Tourist Expansions,5700000,"5,700,000 EGP– 28,500 EGP/m²For sale - Apartment 200 M² Semi Finished in Northern Tourist Expansions 6th of October / Northern Tourist Expansions200 m²3 2",RangeMore FiltersEgypt Real EstateApartments For saleApartments For sale in Greater CairoApartments ,0,1,200,Villa,Unfurnished,"['data/raw/images/Apartments_For_sale_in_Northern_Tourist_Expansions\\img_0.webp', 'data/raw/images/Apartments_For_sale_in_Northern_Tourist_Expansions\\img_1.webp', 'data/raw/images/Apartments_For_sale_in_Northern_Tourist_Expansions\\img_2.webp', 'data/raw/images/Apartments_For_sale_in_Northern_Tourist_Expansions\\img_3.webp', 'data/raw/images/Apartments_For_sale_in_Northern_Tourist_Expansions\\img_4.webp']",aqarmap,2026-04-11 22:50:08,28500.0,15.555976908243359,Cairo
https://aqarmap.com.eg/en/for-sale/villa/cairo/,Villas For sale in Greater Cairo,7300000,"7,300,000 EGP– 28,076 EGP/m²Your villa with a swimming pool and 8-year installments next to Mall of Arabia in Park West Compound, New Zayed 6th of October / Park West Compound - Pledge260 m²4 4",RangeMore FiltersEgypt Real EstateVillas For sale,3,1,260,Villa,Unfurnished,"['data/raw/images/Villas_For_sale_in_Greater_Cairo\\img_0.webp', 'data/raw/images/Villas_For_sale_in_Greater_Cairo\\img_1.webp', 'data/raw/images/Villas_For_sale_in_Greater_Cairo\\img_2.webp', 'data/raw/images/Villas_For_sale_in_Greater_Cairo\\img_3.webp', 'data/raw/images/Villas_For_sale_in_Greater_Cairo\\img_4.webp']",aqarmap,2026-04-11 22:50:20,28076.923076923078,15.803385043104912,Cairo
https://aqarmap.com.eg/en/for-sale/apartment/cairo/mokattam/,Apartments For sale in Mokattam,5452000,"5,452,000 EGP– 29,000 EGP/m²Down Payment2.2M EGPUp to4yrsشقة 188 متر² للبيع فى شارع 17 Mokattam / Street 17188 m²3 2",RangeMore FiltersEgypt Real EstateApartments For saleApartments For sale in Greater Cairo,3,1,188,Studio,Unfurnished,"['data/raw/images/Apartments_For_sale_in_Mokattam\\img_0.webp', 'data/raw/images/Apartments_For_sale_in_Mokattam\\img_1.webp', 'data/raw/images/Apartments_For_sale_in_Mokattam\\img_2.webp', 'data/raw/images/Apartments_For_sale_in_Mokattam\\img_3.webp', 'data/raw/images/Apartments_For_sale_in_Mokattam\\img_4.webp']",aqarmap,2026-04-11 22:50:33,29000.0,15.511493255217472,Cairo
https://aqarmap.com.eg/en/for-sale/villa/cairo/el-sheikh-zayed-city/,Villas For sale in El Sheikh Zayed,6700000,"6,700,000 EGP– 24,363 EGP/m²Pay in installments over 13 years and own your villa at a competitive price in the most prestigious location in New Zayed, Velora Villa Compound. El Sheikh Zayed  / Expansion Of El Sheikh Zayed City275 m²4 4",RangeMore FiltersEgypt Real EstateVillas For saleVillas For sale in Greater Cairo,0,1,275,Villa,Furnished,"['data/raw/images/Villas_For_sale_in_El_Sheikh_Zayed\\img_0.webp', 'data/raw/images/Villas_For_sale_in_El_Sheikh_Zayed\\img_1.webp', 'data/raw/images/Villas_For_sale_in_El_Sheikh_Zayed\\img_2.webp', 'data/raw/images/Villas_For_sale_in_El_Sheikh_Zayed\\img_3.webp', 'data/raw/images/Villas_For_sale_in_El_Sheikh_Zayed\\img_4.webp']",aqarmap,2026-04-11 22:50:42,24363.636363636364,15.717618233614914,Cairo
https://aqarmap.com.eg/en/for-sale/apartment-garden/,Apartment with Garden For sale,4100000,"4,100,000 EGP– 23,563 EGP/m²بتسهيلات على 3 سنين في بيت الوطن الشارع الفاصل بين الحي الثاني والرابع دقيقة للنادي الاهلي New Cairo - 5th Settlement  / Second Neighborhood174 m²3 3",RangeMore FiltersEgypt Real Estate,2,1,174,Apartment,Furnished,"['data/raw/images/Apartment_with_Garden_For_sale\\img_0.webp', 'data/raw/images/Apartment_with_Garden_For_sale\\img_1.webp', 'data/raw/images/Apartment_with_Garden_For_sale\\img_2.webp', 'data/raw/images/Apartment_with_Garden_For_sale\\img_3.webp', 'data/raw/images/Apartment_with_Garden_For_sale\\img_4.webp']",aqarmap,2026-04-11 22:50:50,23563.2183908046,15.226497775576945,Cairo
https://aqarmap.com.eg/en/for-sale/apartment/alexandria/international-coastal-road/compounds-in-international-coastal-road/blm-hylz-lskndry/,Apartments For sale in Palm Hills Alexandria,9418000,"14,333,000 EGP– 89,024 EGP/m²Down Payment716.6K EGPUp to10yrsApartment For sale in Palm Hills Alexandria International Coastal Road / Palm Hills Alexandria161 m²3 2",RangeMore FiltersEgypt Real EstateApartments For saleApartments For sale in AlexandriaApartments For,0,1,161,Villa,Unfurnished,"['data/raw/images/Apartments_For_sale_in_Palm_Hills_Alexandria\\img_0.jpg', 'data/raw/images/Apartments_For_sale_in_Palm_Hills_Alexandria\\img_1.webp', 'data/raw/images/Apartments_For_sale_in_Palm_Hills_Alexandria\\img_2.webp', 'data/raw/images/Apartments_For_sale_in_Palm_Hills_Alexandria\\img_3.jpg', 'data/raw/images/Apartments_For_sale_in_Palm_Hills_Alexandria\\img_4.webp']",aqarmap,2026-04-11 22:51:00,58496.894409937886,16.058133415965287,Alexandria
https://aqarmap.com.eg/en/for-sale/duplex/cairo/,Duplex For sale in Greater Cairo,5900000,"5,900,000 EGP– 23,137 EGP/m²امتلك دوبلكس  255م بالحى الرابع بيت الوطن تعاقد 25% من المالك مباشرا New Cairo - 5th Settlement  / Fourth Neighborhood255 m²3 4",RangeMore FiltersEgypt Real EstateDuplex For sale,0,1,255,Villa,Unfurnished,"['data/raw/images/Duplex_For_sale_in_Greater_Cairo\\img_0.webp', 'data/raw/images/Duplex_For_sale_in_Greater_Cairo\\img_1.webp', 'data/raw/images/Duplex_For_sale_in_Greater_Cairo\\img_2.webp', 'data/raw/images/Duplex_For_sale_in_Greater_Cairo\\img_3.webp', 'data/raw/images/Duplex_For_sale_in_Greater_Cairo\\img_4.webp']",aqarmap,2026-04-11 22:51:10,23137.254901960783,15.59046307836746,Cairo
https://aqarmap.com.eg/en/for-sale/rwf/alexandria/,Roof For sale in Alexandria,42100000,"2,100,000 EGP– 5,737 EGP/m²For sale - 366 M² Super lux in Abd El Moneam Gaber St. Al Agamy / Abd El Moneam Gaber St.366 m²4 2",RangeMore FiltersEgypt Real EstateRoof For sale,4,1,366,Villa,Unfurnished,"['data/raw/images/Roof_For_sale_in_Alexandria\\img_0.webp', 'data/raw/images/Roof_For_sale_in_Alexandria\\img_1.webp', 'data/raw/images/Roof_For_sale_in_Alexandria\\img_2.webp', 'data/raw/images/Roof_For_sale_in_Alexandria\\img_3.webp', 'data/raw/images/Roof_For_sale_in_Alexandria\\img_4.webp']",aqarmap,2026-04-11 22:51:27,115027.32240437159,17.555558322405577,Cairo
https://aqarmap.com.eg/en/for-sale/rwf/cairo/,Roof For sale in Greater Cairo,5500000,"5,500,000 EGP– 27,093 EGP/m²روف  For sale in Street 79 New Cairo - 5th Settlement  / Street 79203 m²3 2",RangeMore FiltersEgypt Real EstateRoof For sale,0,1,79203,Villa,Unfurnished,"['data/raw/images/Roof_For_sale_in_Greater_Cairo\\img_0.webp', 'data/raw/images/Roof_For_sale_in_Greater_Cairo\\img_1.webp', 'data/raw/images/Roof_For_sale_in_Greater_Cairo\\img_2.webp', 'data/raw/images/Roof_For_sale_in_Greater_Cairo\\img_3.webp', 'data/raw/images/Roof_For_sale_in_Greater_Cairo\\img_4.webp']",aqarmap,2026-04-11 22:51:47,69.44181407269927,15.520258832020865,Cairo
https://aqarmap.com.eg/en/for-sale/townhouse/cairo/new-cairo/compounds/eastshire-alqamzi/,Town House For sale in EastShire Compound - Alqamzi,20591000,"24,350,000 EGP– 93,295 EGP/m²Down Payment2.9M EGPUp to7yrsTownhouse For Sale Ready To Move Near Delivery Close To AUC installment New Cairo - 5th Settlement  / EastShire Compound - Alqamzi261 m²5 5",RangeMore FiltersEgypt Real EstateTown House For saleTown House For sale in Greater CairoTown House ,0,1,261,Villa,Unfurnished,"['data/raw/images/Town_House_For_sale_in_EastShire_Compound_-_Alqamz\\img_0.webp', 'data/raw/images/Town_House_For_sale_in_EastShire_Compound_-_Alqamz\\img_1.webp', 'data/raw/images/Town_House_For_sale_in_EastShire_Compound_-_Alqamz\\img_2.webp', 'data/raw/images/Town_House_For_sale_in_EastShire_Compound_-_Alqamz\\img_3.webp', 'data/raw/images/Town_House_For_sale_in_EastShire_Compound_-_Alqamz\\img_4.webp']",aqarmap,2026-04-11 22:51:58,78892.72030651341,16.84036469365519,Cairo
https://aqarmap.com.eg/en/for-sale/villa/cairo/6th-of-october/,Villas For sale in 6th of October,7300000,"7,300,000 EGP– 28,076 EGP/m²Your villa with a swimming pool and 8-year installments next to Mall of Arabia in Park West Compound, New Zayed 6th of October / Park West Compound - Pledge260 m²4 4",RangeMore FiltersEgypt Real EstateVillas For saleVillas For sale in Greater Cairo,0,1,260,Villa,Unfurnished,"['data/raw/images/Villas_For_sale_in_6th_of_October\\img_0.webp', 'data/raw/images/Villas_For_sale_in_6th_of_October\\img_1.jpg', 'data/raw/images/Villas_For_sale_in_6th_of_October\\img_2.webp', 'data/raw/images/Villas_For_sale_in_6th_of_October\\img_3.webp', 'data/raw/images/Villas_For_sale_in_6th_of_October\\img_4.webp']",aqarmap,2026-04-11 22:52:20,28076.923076923078,15.803385043104912,Cairo
https://aqarmap.com.eg/en/for-sale/apartment/cairo/new-administrative-capital/r8/sage-lakes-residence-squares/,Apartments For sale in Sage Lakes Residence - Squares,4050000,"4,050,000 EGP– 27,000 EGP/m²Apartment  For sale in Sage Lakes Residence - Squares  New Administrative Capital / Sage Lakes Residence - Squares 150 m²3 3",RangeMore FiltersEgypt Real EstateApartments For saleApartments For sale in Greater CairoApartments ,4,1,150,Studio,Unfurnished,"['data/raw/images/Apartments_For_sale_in_Sage_Lakes_Residence_-_Squa\\img_0.webp', 'data/raw/images/Apartments_For_sale_in_Sage_Lakes_Residence_-_Squa\\img_1.webp', 'data/raw/images/Apartments_For_sale_in_Sage_Lakes_Residence_-_Squa\\img_2.jpg', 'data/raw/images/Apartments_For_sale_in_Sage_Lakes_Residence_-_Squa\\img_3.webp', 'data/raw/images/Apartments_For_sale_in_Sage_Lakes_Residence_-_Squa\\img_4.webp']",aqarmap,2026-04-11 22:52:30,27000.0,15.214227685996272,Cairo
https://aqarmap.com.eg/en/for-sale/villa/,Villas For sale,7300000,"7,300,000 EGP– 28,076 EGP/m²Your villa with a swimming pool and 8-year installments next to Mall of Arabia in Park West Compound, New Zayed 6th of October / Park West Compound - Pledge260 m²4 4",RangeMore FiltersEgypt Real Estate,0,1,260,Villa,Unfurnished,"['data/raw/images/Villas_For_sale\\img_0.webp', 'data/raw/images/Villas_For_sale\\img_1.webp', 'data/raw/images/Villas_For_sale\\img_2.webp', 'data/raw/images/Villas_For_sale\\img_3.webp', 'data/raw/images/Villas_For_sale\\img_4.webp']",aqarmap,2026-04-11 22:52:43,28076.923076923078,15.803385043104912,Cairo
https://aqarmap.com.eg/en/for-sale/apartment/alexandria/el-asafra/l-sfr-bhry/el-geish-rd/,Apartments For sale in El Geish Rd.,83100000,"3,100,000 EGP– 22,962 EGP/m²Apartment For sale in El Geish Rd.  El Asafra / El Geish Rd. 135 m²3 2",RangeMore FiltersEgypt Real EstateApartments For saleApartments For sale in AlexandriaApartments For,0,1,135,Studio,Unfurnished,"['data/raw/images/Apartments_For_sale_in_El_Geish_Rd_\\img_0.webp', 'data/raw/images/Apartments_For_sale_in_El_Geish_Rd_\\img_1.webp', 'data/raw/images/Apartments_For_sale_in_El_Geish_Rd_\\img_2.webp', 'data/raw/images/Apartments_For_sale_in_El_Geish_Rd_\\img_3.webp', 'data/raw/images/Apartments_For_sale_in_El_Geish_Rd_\\img_4.webp']",aqarmap,2026-04-11 22:52:53,615555.5555555555,18.235555271859372,Alexandria
